Day,Avg_Hourly_Entries
0,1082.28647344
1,1307.09406911
2,1335.95141134
3,1305.18159753
4,1333.72267964
5,809.976751799
6,604.920103085
